{"cameraMode":{"drawMode":0,"name":"Shaded","section":"Shading Mode"},"sceneLighting":true,"audioPlay":false,"sceneViewState":{"m_AlwaysRefresh":false,"showFog":true,"showSkybox":true,"showFlares":true,"showImageEffects":true,"showParticleSystems":true,"showVisualEffectGraphs":true,"m_FxEnabled":true},"in2DMode":false,"pivot":{"x":0.5974103212356567,"y":-1.8387551307678223,"z":-0.7663850784301758},"rotation":{"x":0.007290452718734741,"y":0.976017951965332,"z":-0.21507972478866578,"w":0.033096879720687869},"size":5.336145401000977,"orthographic":false}